ychYw48g.png,1
kzGcm7P3.png,1
4gziZ05m.png,2
s8wLVpUS.png,0
3zL1gNRb.png,1
6V3s8DKl.png,2
8PYOp20U.png,1
a92mAxWs.png,2
SkBZ7Qyn.png,2
T52XmpsG.png,0
rlBNISgf.png,2
frSuNKHV.png,2
UbCEAVKB.png,0
i805esHc.png,2
i8514F7E.png,0
bqAuwkKs.png,1
EPQhSGBn.png,1
aoy4MhTD.png,0
9evf8WAD.png,0
qlF2pUZT.png,2
RHCBIybs.png,2
mJY5hDp1.png,2
6IBudGjl.png,2
EqRlHtDd.png,2
zi84JMmQ.png,1
L6wyH4Ae.png,0
vrcgPkmt.png,0
oTHq3vyn.png,2
shBRlPwc.png,0
u60lmWIr.png,2
HI4RC6Q0.png,2
ue9n784y.png,2
6ajmH0dg.png,0
aRlOTw7q.png,2
Yh48tUQJ.png,2
UznFqwMa.png,1
8cvyfrVM.png,2
KpZVEkFG.png,2
H5drhLKA.png,2
xdMCrw18.png,2
VwaGOD0t.png,1
OAxNEeDd.png,0
ZHh9bmJx.png,2
fsa3AoT7.png,2
oGTg50CP.png,1
W4rsu1bA.png,1
HnrC8KjN.png,2
gMTbwtOI.png,0
aqGhtXne.png,2
r2I1qgtu.png,2
YCowbEiV.png,0
RONEyFCf.png,2
WeGstphk.png,1
yptD48Ch.png,2
9sVKyDSf.png,2
Mk2rN7n4.png,2
xliO91KI.png,2
9ZgkKYTE.png,0
La712iyO.png,0
xQg3YnGw.png,1
JycS9FZA.png,2
F56RuZIS.png,2
bqQLchVX.png,1
RrEetkmI.png,2
IzL3E12S.png,1
YIUQw3gR.png,2
LQeuYdKJ.png,2
8QX6mriq.png,0
SswYWkzJ.png,2
ATSjXVDZ.png,0
2pxNGSco.png,2
p3rbxZig.png,1
XgmLGA0i.png,2
XPRB4KVf.png,0
cMO2dQSD.png,0
KPHAcbeS.png,2
z4lAiRj2.png,2
pS28QBCf.png,0
VIBObNhD.png,0
E73wcxV2.png,1
6iLDyd3V.png,2
91qSbJIH.png,2
NdK4Vb8I.png,0
Tyb0Q4Ho.png,0
OQLmUA30.png,0
YqcPejFT.png,0
d6HcZKnE.png,2
uUk8eyVW.png,2
MZWDhwHU.png,2
m9dgUefj.png,0
HEje1PhZ.png,2
xlGNuiYC.png,2
IZyA1NuR.png,1
zXjYRwbs.png,0
yYwomLN1.png,2
wF18VRlm.png,1
7GgYSXyB.png,2
MD48wg1e.png,1
Bxzc8lIM.png,1
SOaUDPNV.png,2
02jv7G1P.png,0
n5pNecJd.png,2
8ChAQdaB.png,0
ksWnB2F6.png,0
X63zGH1Y.png,1
p3QLq0fj.png,1
JcYvlS0X.png,0
8xiEntH5.png,0
uci2SKVD.png,0
kiClDVWF.png,0
8Dsw9gkG.png,2
tzcG3vsn.png,0
UvG4jsc5.png,0
rfXxhg6Y.png,1
Vx2ojG61.png,2
6ivDaNzf.png,2
eJTD2KLc.png,2
CHFY2pWZ.png,2
4q8SBJxa.png,0
MzNOXT4x.png,1
UhaV3bsn.png,1
FLjD5ZtC.png,1
MKAm8k7c.png,1
xVkj6i07.png,1
hye5v2TY.png,0
2HcimsTS.png,0
crXL8T9j.png,2
RzlhVQxp.png,0
ls2EpFxm.png,1
Njs0ybCZ.png,0
h3HmW7Ev.png,1
GTKNuAIQ.png,1
fxuMVs7B.png,2
SdZD25H7.png,0
KxsjOokQ.png,2
dZLkh4og.png,1
3saYmoHC.png,2
ieWkJbGg.png,2
RKsBukTD.png,0
AQzO35Yu.png,2
zeoD1RGE.png,2
8hvGIMgF.png,1
cEZAPIDw.png,2
sbafyCoY.png,0
b7Pjk51J.png,2
xPRitMGe.png,0
9iN1hC3w.png,1
9FMR1Uhk.png,2
GncMT603.png,2
WEcXV2uR.png,1
qu4vKT3X.png,0
JSBpiNvu.png,0
3HufTjAd.png,2
mrVO06tk.png,2
Ix85QfB1.png,1
vGxWMZaz.png,1
vKIxEM2u.png,1
KUAzlH09.png,0
rxTmIgnC.png,2
lcRGeo9W.png,1
xZksw92b.png,0
sW29c4ob.png,2
El9CevsZ.png,0
zHnjV3RW.png,0
i0lup4YM.png,1
tMnRZgGQ.png,2
DriTK8PS.png,1
jJxRydZl.png,1
hYIjD3pA.png,2
f6Xd48Ls.png,2
eRnV0Xgk.png,2
NT0Obz2f.png,2
IMZTixnl.png,2
CWLwXeS0.png,1
sHaKFybG.png,0
eWV1ZLqX.png,0
TsjeNvFu.png,2
XpfxuH8E.png,0
2BXtJnwL.png,2
YrDWNvh1.png,0
DiyfwFsK.png,0
RmfB3KSq.png,0
1HrX6mBq.png,2
01jKDwRi.png,1
Q8EpSgKY.png,2
I3ZlrCLU.png,1
8PitzNnO.png,0
QFfZ7qKH.png,2
rkbuKp1F.png,2
TELhsOKi.png,2
j9DBF1VA.png,2
mpfjCgOv.png,2
B1dALYa2.png,0
xd81A9YD.png,1
yTicgtQ6.png,0
itRz9YLH.png,0
dgrtCQvF.png,0
i3fcZd5x.png,2
DRKCufNF.png,2
RdXrHc71.png,2
fcw529Mp.png,1
NlViypK5.png,2
z5i3aBt2.png,1
HhDIYlns.png,2
aKeVJmUg.png,2
pa4c7Y3f.png,0
79UvCF5l.png,0
1KVQUFNa.png,0
QfgLAU5x.png,0
Y2nSXZyM.png,2
iV8jQaK0.png,2
4yrFNhEp.png,2
TDJz1Pel.png,2
oRbN5jkc.png,2
QnaeUSqg.png,2
AE296V83.png,0
4ZBzcsLb.png,2
Hqt8nZBk.png,0
dPu4TRIb.png,0
Ap3EymFv.png,2
KTONGqj8.png,2
7PSmJM0o.png,2
x3fptdCm.png,2
QPJrWpH9.png,2
YpTZltdj.png,1
ND7236Yq.png,0
9Fc8ZDYS.png,0
B6n3CYi9.png,2
tpSzglWY.png,2
t3CKxi47.png,2
OnfAjxCU.png,0
tmvXC12k.png,2
jr2kV5hN.png,2
RfDjwINK.png,0
KysnMI0c.png,0
pdNzQE8R.png,2
E8Q9UKV5.png,2
uJCklp01.png,0
OtrklV9T.png,0
Gqb4FDYf.png,2
Kv3mQWuO.png,1
PDfLTCVY.png,2
rMciUvIh.png,2
kqMOI5xH.png,0
0PXSfk5b.png,1
UFLt8Y0y.png,2
cP7t2Oae.png,0
1uc3DGFC.png,1
qtalk5BL.png,1
3t6WzqbR.png,0
ORNrxkEb.png,2
GUZ4TMxw.png,0
JjFHEebI.png,2
SoXEnlOy.png,2
017NYbuU.png,2
N0brQ9UZ.png,2
QBw9ZkCF.png,1
d6q8pDwn.png,2
FAZNh6oH.png,2
xKOToDvl.png,2
nAShfHix.png,1
P7vDwA9b.png,1
PqczK6DS.png,2
tzlLE6sv.png,0
GCw3X2zS.png,2
2jmAiygv.png,1
P9ZIHuYB.png,1
Nmb2Oaon.png,2
KTahBSc0.png,1
RfhbnN63.png,1
jrt0F8NT.png,1
MrAxvgDj.png,2
73WKIdHf.png,1
8SL7FGW2.png,2
C6b7qIRa.png,1
0CL1XkY5.png,0
aBQMWHy6.png,2
5WvC0HzY.png,1
RniuXzv7.png,0
GZwx6kA8.png,0
8meXM06b.png,1
fsA6wrkg.png,2
Q9tsxnXR.png,1
Z4WrkzuL.png,2
9OUHrlge.png,1
BQYE8yvp.png,2
TCGaY5xy.png,2
ymaeqgKb.png,2
HotFu3zw.png,2
xIGyVCmg.png,2
4XcwlF60.png,0
LMm3N1Sp.png,2
etb9h3A8.png,0
nN2SKhx5.png,0
VkECuZBx.png,1
HSdC8VRD.png,0
0AYnV4h6.png,2
HRqZFL0M.png,1
dRJwoFgI.png,2
skbNclYS.png,2
Ayim84oQ.png,0
TZrqjeOE.png,2
hTsgcXRZ.png,1
JEVQ8ar4.png,2
oKlWe9Um.png,2
YDWTxVgO.png,2
pXVH4YJK.png,0
t5PB0K8a.png,2
nKiRaTMu.png,2
Bu5MHrxy.png,2
903jRkDV.png,2
PDjys19J.png,0
pXZ8yF07.png,2
AHUb0C3B.png,2
CKnkJjN4.png,2
D964iBfJ.png,2
XSlnaodg.png,2
rKWjaHUB.png,2
YUPJAg2R.png,1
2X3Bl1ZQ.png,0
cJuY0EtR.png,1
9nlcFICT.png,2
A4zyxdST.png,1
6CI025tS.png,2
TLjnY12Z.png,0
RCIiMxgr.png,2
oZhA38c5.png,0
PWhQANIn.png,2
xPKLUvCV.png,2
a8vuOznZ.png,2
a7dXuL9c.png,2
vibTWJ8k.png,0
r0voA9RB.png,1
USOXtfkR.png,2
TSLrl7cG.png,0
fDuY4WBQ.png,1
gH1VU7Wa.png,2
hWur0Yz7.png,2
M8sW5pRZ.png,1
EzIUcuj2.png,0
8s1AMFO5.png,0
TgfAR4Vh.png,2
rXpQFc8P.png,0
D7aOMytP.png,0
iUdEIKXY.png,0
rRLdcDHk.png,1
8a3p7qsd.png,0
1i5F0oPh.png,1
cwPpODfM.png,1
B7ONTeHx.png,2
4JuyGUbq.png,0
P4d19qvO.png,0
oa8O4jr9.png,2
q2epbHoC.png,2
3jbOZBlx.png,2
7gyH1aGA.png,0
8eOvDuQV.png,2
xSUbBsy8.png,0
8zc6emCg.png,0
7H2YkAwn.png,1
DklCXZFv.png,2
BmNRUCYi.png,1
cMmwtvho.png,1
p2ytmw7J.png,2
zJloBN85.png,2
ocyl315u.png,2
qf7VIz3h.png,1
8YgyxXn2.png,2
ZLip7wx5.png,2
qYyh1Rn4.png,2
8I6cNiF7.png,0
mAykShW8.png,0
REcwWk35.png,0
cRFOTk4P.png,0
JKLba13M.png,2
cEhA7egx.png,0
3bOzRY7r.png,0
KSfzDPrV.png,0
zdEFONov.png,1
jRCbWz20.png,1
s3GFquBw.png,2
pmayGkch.png,0
HpWyTfB2.png,0
K3tedViT.png,0
sGR8KJDr.png,2
XowtzxWP.png,0
HMD4z75X.png,0
irPIkDfW.png,2
7Z6frTIQ.png,0
bXGgMH5x.png,2
1aC6gQIP.png,0
XrTS7GIE.png,0
3h48rsfQ.png,1
FmcgxeE8.png,2
xYlBr5s6.png,0
4k2grELs.png,0
ls9HanhE.png,1
UPSGBwt3.png,0
gFpiCMEr.png,0
ELPk8W5Q.png,2
IYiosEVx.png,2
RndPKBVD.png,2
eh3msrqU.png,0
udaPv87x.png,1
Hv012fk3.png,0
uO5gAHJC.png,2
46wbUMEs.png,1
k3DuEHfL.png,0
mGpsPhQL.png,2
siKJLYU9.png,2
To4y3l7R.png,0
ctL9p0BJ.png,2
xous0azJ.png,2
Hm690nQc.png,2
SterHJuC.png,2
zorBY4Pi.png,0
FZSyzQB5.png,0
thZIWNn6.png,0
WOl6d42B.png,2
8gv9Yy4d.png,1
TFRO9wHZ.png,0
UgNHT9C7.png,2
svSlcVxY.png,2
Pothp9Tj.png,2
UvfJZe3d.png,2
26MgmxBJ.png,0
NP5zpkMK.png,0
47yQrVip.png,2
0hFEBOXm.png,1
zrK8Y3Qo.png,1
fzH7S0gL.png,1
L4iJlYv1.png,0
xcyFNm31.png,1
Tu1MnjiH.png,1
9ey6mIVE.png,0
zL4YkwJF.png,1
j607aCiD.png,2
gJaV3lt6.png,2
awSz4Ydt.png,2
f6lhPGHJ.png,2
3sbjS1aM.png,1
Wk65Mhwn.png,0
8fx39NsF.png,0
cGvfhmwJ.png,0
14dnUK0c.png,2
oNkMtYfD.png,2
HES8hGmy.png,2
0dS6DMeF.png,0
90QGVRnX.png,2
aMtW8lBk.png,2
TP8jIyfh.png,1
hz7r5YdP.png,1
iUMpzoJ2.png,0
eMtm1qcV.png,2
7r0IvNph.png,1
C7GBjnIS.png,2
FqbkgBrL.png,0
IHUWJxKo.png,0
1Qsk2Hve.png,0
Y35J90jO.png,1
sI9hXZ3O.png,1
qI91yGHD.png,2
C6oHP3kK.png,1
mfX50kW2.png,2
ZPfHYTqU.png,1
FqHSALP0.png,0
xLEOoM6i.png,2
mhGLOJbI.png,0
ghevcFwa.png,2
qad0xBkA.png,2
MHnewBqk.png,2
vSPRdi9j.png,0
b1hzfHgm.png,0
pwOH4Eto.png,0
6tjqTU40.png,2
GRH8O4fy.png,0
D1bXC0ZU.png,2
BfFQCbS2.png,2
N6EMjFbi.png,2
cqUm27NS.png,0
ZgQNldA8.png,2
sqDwr1jc.png,1
cgivhOGK.png,0
FUifSs4Q.png,1
fDcKUq0H.png,0
yTb58CuB.png,1
vZV7Ot9L.png,0
Va7BjDfK.png,2
Gpxv4Uzd.png,2
1yBcPQpL.png,0
DoibcGlB.png,1
B3NqExsX.png,0
NCJ6oR4p.png,2
mHbhGyoP.png,2
a9LQbl51.png,0
3iOBGoMd.png,0
bP9Ny5fp.png,0
NWJzpdaV.png,0
wcf8kmKY.png,0
CnpgauXM.png,0
oIc7adlL.png,2
imlAk7w6.png,0
OTxsX18i.png,0
wJlRcXnk.png,0
ILhWmafr.png,0
B7AiOt9T.png,2
B091w4et.png,2
UpKht3lB.png,0
ZCWGN0q2.png,2
jL2QAtWD.png,0
RPK8eiC1.png,2
Zlb2hMuT.png,0
UbYycvqI.png,0
uAT0JZbH.png,2
3UxVKr1O.png,1
YA52zvfC.png,2
4TRu8GQo.png,0
wFX8HVCB.png,0
PD0E8fkn.png,0
QJ2CVevk.png,0
79yxBjUf.png,2
4qtP87VR.png,2
AdPW3GI4.png,1
NS8wPYXJ.png,0
tBOIKgW4.png,2
8QoTRtuY.png,2
KycqPOMI.png,1
bAgYBtcy.png,2
JyIndHos.png,2
KYwnVPL7.png,0
wES1CV0b.png,1
1x8hL45r.png,2
WD4F6SKM.png,2
WqvLBJfC.png,1
QimahKVY.png,1
n6AYhp97.png,1
5pl2Keis.png,0
xmZ0cs7p.png,1
xfiR7UnY.png,1
NnykC8To.png,0
fR9XEwIK.png,2
pk58GxKf.png,0
ZYpiwl5N.png,1
Zb2WVvCl.png,1
Z1Xz4rWJ.png,0
FZjTSyPm.png,2
Hp9O5Kty.png,1
Kx7XM6er.png,0
T2CXtjiQ.png,2
uY07rJ5U.png,1
0pE84YZl.png,0
ARBZsYJ2.png,2
usBvoUKb.png,0
7MbsCE4L.png,1
uTDl51PK.png,2
WMHuKaTv.png,0
1e78zE9s.png,2
4neaTc6x.png,2
D8NofVwh.png,1
sZT8xaGw.png,1
egzU2ZIy.png,2
8hfSgUOk.png,2
GJQcXyRY.png,2
7sZXBvr2.png,0
Ji8wOf5E.png,0
s3or2R84.png,0
7tIJogXp.png,1
Stoj5TYb.png,1
KX4zxL3T.png,2
c8KVy4AN.png,0
8kClW962.png,0
oWkh96Ct.png,2
PJY6mb4W.png,2
Bmxr1pIe.png,2
o5iOCt6d.png,0
KuJxT8Rl.png,2
ltzX6rUO.png,0
sC4GFu9d.png,2
eijM7wdS.png,1
4DlZJ0XA.png,2
WBPnruDg.png,2
2mNnOdgw.png,0
6SVZw4fd.png,2
Y9mTB2R0.png,1
Ti9ebzrU.png,0
yUh7Xnm6.png,2
nw5W4ONF.png,2
i1IFwqz2.png,1
rm7sxIC9.png,2
9VRfhmEu.png,2
ILAdhYKU.png,2
4guqcrI3.png,0
YEbSsQ6t.png,2
vFGXLuPc.png,2
PwkumC8E.png,1
5EbBt4Hd.png,1
vn8KIYgl.png,2
WXGjRpAq.png,0
I1tL9SWO.png,2
P81LtAQ0.png,2
2vt0nKHj.png,0
RZTGF9lr.png,0
zP4ohpF5.png,1
KqOrYDS3.png,0
5wsmGFSg.png,2
mQDsLMU5.png,2
Sg9ZmsNL.png,2
0659eHoR.png,1
VJpTI1oF.png,0
9b7oCLhR.png,2
eACUOzNL.png,1
KqIJ4xkZ.png,2
1EyIXmSF.png,0
LlV5ADSc.png,2
lTSdIUnf.png,1
YgJQpdNE.png,0
TBnUJuAe.png,2
W3hK04dF.png,1
TapibnkP.png,0
jd7Z5q3X.png,2
CEUGhXtk.png,1
ymdQXhZr.png,2
9ioWrY3A.png,1
XI5H4VdL.png,0
D8pNmqvI.png,2
KJ5RgLts.png,1
HhkzGBl1.png,0
lkhYMH3T.png,0
C0VRTNlu.png,2
RqsuiFpH.png,2
IMVYFtGl.png,0
ocnT1rfZ.png,1
kKmMo3xe.png,2
d1cTbjgs.png,2
I1mNB8L2.png,1
reFiJKWD.png,2
mAPrdxnL.png,1
f6JAI1HN.png,0
3U1XfCYy.png,2
C942ycEu.png,2
ISqLTpo5.png,1
L8QsIl3r.png,1
hNRcXIqp.png,0
V0iBcK4d.png,1
6wW3K4Bd.png,1
vbTIPtyf.png,2
e1NW9FwM.png,2
bioV2Zaz.png,0
uldnBsCK.png,2
I3XYBO6a.png,0
PWHibsov.png,1
sOWPIiU1.png,1
VBCicGJm.png,2
yiTotYbN.png,0
A3nvU8hm.png,2
xKrGYEUv.png,0
BshmPQX6.png,0
XhA0QDSU.png,2
hRYZymAs.png,2
wEjZWlnm.png,2
rcNPTRs7.png,0
zXw57Oux.png,0
RQoF7dSz.png,1
veMjraqU.png,1
LQKdnez4.png,0
5SQbY7eT.png,2
BMy1dOqX.png,0
dYt0scC7.png,1
ylCwx1rQ.png,1
tv465TBk.png,2
rv87c4oT.png,1
QakUHcPR.png,0
TspIcGlt.png,2
7ETIZxqm.png,2
D4zpZ2UP.png,0
jeyIio4d.png,1
gqCFHAXo.png,1
ekjsoab6.png,0
BXq0mab7.png,2
4ThaNQtB.png,0
bINZUgrc.png,0
DFcklCPS.png,2
kHZv582j.png,2
usbeoipZ.png,2
CxeO631a.png,0
vWUGyZH1.png,0
qRlZ8OFB.png,0
sQA4Ofh6.png,2
ulhLnFsc.png,0
yASd842x.png,1
5oPqTpa9.png,0
8dbAnUWh.png,2
ynxoMt9d.png,1
QEazmodv.png,2
WJ36YVo8.png,0
FIqL5m6J.png,2
OESkn7Ld.png,2
0j58IEQp.png,0
qKRyzIES.png,0
0ucY4bA9.png,0
MdxFNYkw.png,2
d9DxcEjS.png,0
XOP0jN7H.png,0
KThx1AsL.png,2
QYhJ8DXe.png,2
mCMHKODQ.png,2
krfoDBWL.png,1
mPkthHyF.png,2
UVeH3sN9.png,1
fcNbYiUJ.png,2
hHIn7TQO.png,2
DOJ658Vq.png,0
zlHiTmJL.png,0
h7gM21nO.png,2
43Ada6XI.png,2
jBzkxuw6.png,1
1YjHu3zl.png,2
Z8dcw0Mp.png,2
0LjkyORl.png,2
EvpT6t9d.png,2
LsWBzbiH.png,1
T3RlEZoX.png,2
zSl4VBsD.png,0
Hp861VoP.png,2
xbSCNUk0.png,2
j4o1vUmg.png,1
j0hvOcLm.png,1
XHnUVy9h.png,0
z9ShLerx.png,2
2bghpJSf.png,1
1fmV7kJZ.png,2
ngFR0QWj.png,2
brHAN2j5.png,1
csxlApJ3.png,2
GHVpwT2v.png,1
uaWQoNFb.png,2
6wER0mYu.png,2
GfIraxmb.png,2
EDbwJfB4.png,2
O8Tek3Nv.png,0
QV0pDyvL.png,0
UXVTx1AJ.png,2
4OwpGni2.png,2
cgr6lwPq.png,0
r7ZmOj6C.png,1
NE4jCBen.png,2
n9eOr2Vh.png,0
Dmr8EU1u.png,1
iQYc3MEy.png,2
xo9minjN.png,1
0QLW5eNS.png,0
TAWiKoMJ.png,2
4oFpednu.png,1
qthMGTc6.png,0
84UQhqmB.png,2
nOF6ckv4.png,1
rfnN14UO.png,2
htnq1Qpi.png,1
Psj0ok9R.png,2
YP9m5ilw.png,1
8kOiECJG.png,1
WJxem0Gd.png,0
I7flczhC.png,0
6YOPrNAC.png,0
z9AWgsof.png,1
vgCZrDIW.png,0
apkMhtdo.png,2
FbRSrcxh.png,2
57H2I4ra.png,2
fqznIYHB.png,1
qe4pEwaS.png,0
kraJIVEq.png,0
gQbj2uhm.png,1
n7xLUHBD.png,0
65uSlXNb.png,2
fyv6k3uR.png,1
THQBfIdN.png,2
tVNRjqGQ.png,2
pX0RDmBx.png,2
8o4DTxaJ.png,1
0JozGHh2.png,0
hnsKADpZ.png,0
WYTHhUty.png,0
azYhHcnJ.png,2
qTV7Db8f.png,2
tL2D3Uky.png,2
mWqnKRjJ.png,0
dwKxy2JE.png,2
Kxyl0VYZ.png,2
IK7cNhbZ.png,2
Ku07cJIk.png,2
2T15j4VZ.png,0
GKElJzUA.png,2
DrmSGRha.png,0
YduaMJj0.png,0
K3OqhUR2.png,0
SLnIY9w2.png,2
uZXKxMV0.png,0
HJwTbXYg.png,0
ZeD2iYgc.png,0
sMeTg3YU.png,0
j7gR4Q9m.png,1
K7gnDvNL.png,1
blGC6W3R.png,0
CrkH3fw2.png,2
wTuc10SP.png,0
esWw9C3m.png,2
Dkve50bE.png,2
0lw2L5mO.png,0
rjcvXFJ0.png,0
w5pJef0k.png,0
sPcC8UO2.png,1
4k6c1I0s.png,2
NV3amjol.png,2
CzkpKjAR.png,2
UPOHL7Wf.png,0
TMhg6W5v.png,1
7YzlTXPG.png,2
4HCFm8zu.png,2
GM4rZi7U.png,2
XcTv10ox.png,2
AbFWTD5p.png,2
ThPd9b3n.png,0
V6Na3lxY.png,2
Feu3HfIb.png,0
wi7kR4ZE.png,0
klDHWIPz.png,2
RPLA7GnH.png,2
9orcAMF1.png,2
uOzpLAPm.png,2
8da2I5QF.png,2
PGHgkIAF.png,0
dZFAJc1t.png,1
s3kZ21Kf.png,1
vLdoABhQ.png,1
kG4Hjr3E.png,1
P6uR1LdS.png,1
DY59iX7R.png,0
7AGSXIPr.png,1
UsI647Kf.png,0
uro7H1OR.png,2
OopjbugJ.png,2
gelhC45z.png,1
0u6MY4NC.png,1
lhRZbjY6.png,2
W0oUyXh6.png,2
k1tMO3en.png,2
TFobDKu7.png,2
gYpJXWc0.png,2
IEmHzKaD.png,0
OEKtDMkR.png,2
f4HSRIwT.png,2
Aqkx2dyX.png,0
bxt5MuON.png,2
KLhNnXwT.png,0
N1BiaEF5.png,1
ATD1ZFXH.png,2
dn8egJ9i.png,1
mNMat6vZ.png,1
nVulQxRB.png,1
kmn5fYAh.png,0
kLfq4MBZ.png,2
nUlVk4FA.png,0
IgyWx0qX.png,2
Qm3nyDvC.png,1
JliBHLqV.png,2
qaX0QV25.png,2
S1NyWuFh.png,0
dfLzxTOa.png,2
GVRbWftw.png,2
OtgHG5bQ.png,2
6tGEikFP.png,2
k7vsIeYO.png,1
qlO7fYLx.png,2
0qHaD517.png,2
6F0bRjO1.png,2
zADRqEvV.png,2
96wdNjm4.png,2
mGABYtk6.png,2
S8tKkAlL.png,2
FjX4JmIt.png,2
wumtJlSd.png,2
Gp6fr0vu.png,1
Qu3pxwGi.png,2
dYMs92wn.png,2
zvLsCnA0.png,0
Rzl6cuKd.png,0
fpT2JgqC.png,2
pTL1kxgC.png,1
DCvH4Xxi.png,1
d7w5NH4L.png,2
f93Aapmi.png,1
6o1SQngK.png,0
x3aJkwb0.png,2
POGJtYhd.png,2
a1h37Jdt.png,0
gcOr2eVl.png,2
Nu8Ch6BY.png,2
bFJX93lY.png,2
X4GUfmio.png,2
s18VSPwt.png,0
oRhtgTcs.png,2
ST7egzIY.png,0
12HGAY59.png,1
E6WR97NH.png,2
Zzr3JylS.png,0
ziXRqfak.png,0
bxvrd8WY.png,0
DcuxJVps.png,2
0Q2nMioz.png,1
VR06DZ3W.png,1
wBNP50XS.png,0
VriPXFoZ.png,1
IuO6JW7m.png,0
5iCxpsJ4.png,0
8QjogH9K.png,0
AiXYzlm3.png,2
fWjh7DQ2.png,2
Pyua5HhD.png,1
YW5HOsZG.png,0
d0tmaOAr.png,1
0JgQuETW.png,0
hxtyMJpk.png,2
be8FE7t3.png,1
1A74Ef3s.png,0
wG3YPyjJ.png,1
gBl8PqtR.png,0
YnOgHhJN.png,1
yct0m3XR.png,1
g5Fp0IGr.png,0
IE1OpagL.png,2
ht7ECVxT.png,0
zYpUqV0R.png,1
jYVkO6yA.png,1
BiqMZfQj.png,0
zJmOlYt5.png,0
1lkJQ76t.png,1
CUO6fLBc.png,2
Hr4Efgw6.png,2
RiSDG2z1.png,0
qfKoWVvZ.png,2
xEWh45cy.png,0
UXKsTaOn.png,1
9pgF4hjT.png,2
9CrxHcgA.png,1
epI8vgxt.png,2
gJnZQokS.png,0
3jPDokvZ.png,2
6wbXUiAT.png,2
5P1Vl2jI.png,1
DdoyknRO.png,1
hfikXWGL.png,0
tX3yQrGg.png,2
dIawYzyQ.png,2
G8bwneMp.png,0
4zah57RV.png,2
FlwO4ufN.png,2
WRFqay8z.png,2
N0Yp2ZLS.png,2
eS0a8KlB.png,0
Ygbp6ciF.png,1
WJqNvrTF.png,0
7Mz6dNux.png,1
VvAxzl4N.png,2
POuz9NXR.png,2
ebrDWaXw.png,2
PVRrYTLq.png,2
m9IeZuXN.png,1
LdT3rNMv.png,1
5e3uz0iV.png,0
RjzX4k86.png,0
sDPYGvES.png,1
ePfunBlw.png,0
ta5JKjBR.png,2
7w5C2sKG.png,0
eMzVJpO1.png,0
VmogzSej.png,1
4SfGDgYb.png,2
jeIAEMBF.png,1
chpBbwJt.png,0
tZkyDvR2.png,0
nUC7D9hd.png,0
LqU6Rm7N.png,0
paSQ6I79.png,2
GDRpTz6E.png,1
gUjX3RBw.png,0
0u1TA6VR.png,2
bTru6yU3.png,1
KvY0q4yW.png,0
62vCqzIQ.png,2
8JLaoPQ2.png,0
mROaLhFy.png,2
1C6pSFzB.png,2
TjAqXRle.png,0
z2KoykiC.png,1
S2nmvi0V.png,1
DXyg1mGi.png,1
aFKxOcuj.png,1
DEnfR4kI.png,0
wUIjTGC7.png,2
JL2TStbx.png,0
6reTsEQH.png,0
EcXLid7B.png,2
3k0JcMZQ.png,1
NlFwE9fL.png,1
xTBiqFjh.png,0
50fYt7vX.png,0
r4qib0jl.png,1
9ydlOWDz.png,1
thPSC7ET.png,2
CJ1w3xVr.png,1
WFhRT3Dw.png,0
kcUxCjYF.png,1
IXG0gDqJ.png,2
XODI9xzl.png,0
5AbFELl0.png,1
hJtj8oUw.png,2
eliGCpSc.png,1
9xj6dGZa.png,0
dcCMgvz9.png,1
doDSFMH3.png,0
mtiWPgw8.png,1
fMdP6TIS.png,0
XMJKR5yq.png,0
PieJz2jx.png,0
MSlGDNW3.png,0
uxqJo50K.png,0
mBaydeDo.png,1
4xp7ZVvc.png,1
3TlRIycs.png,2
DjiAgbEX.png,0
YOaByuov.png,1
RoYzfglq.png,2
7KOgzpDv.png,2
70dwiDyO.png,0
cj2wf7Dd.png,1
hsBp5TLE.png,1
aPgdEwO8.png,0
DIZ1NWqi.png,0
0qQwIX2v.png,2
Mh9sfpc4.png,0
3YmxZjnX.png,1
MnRomqNa.png,1
lRiKkhCF.png,2
eK1OJlqU.png,1
XV62cEom.png,2
M7Va8QHD.png,2
bslaPYjF.png,2
qdRBMjGF.png,0
2SbELAJs.png,0
XlsDJT8Y.png,2
jsWDc5b0.png,0
WbISKYTs.png,0
B3OFi1A6.png,0
ds1SZpGx.png,2
UR5lTZJM.png,1
IB4ot7Tq.png,0
h9oru3MX.png,2
QzaHwO2m.png,0
UCVnW4MP.png,0
ko2lg65x.png,0
DwR5kUjf.png,2
upS98WtK.png,0
RYuthHvi.png,1
wEfHkqP3.png,0
lCUHTp7r.png,2
CIl1jwVi.png,0
JevYCTWV.png,2
TeP86YHb.png,2
LTpzUVG8.png,0
axUgdlIA.png,0
paDVldmA.png,0
DpljIvGu.png,0
XMQvpeCU.png,2
V9cKqZJN.png,0
bKvFToY3.png,0
NOLigldK.png,2
Q9N8Vy1z.png,2
o2IYZLgi.png,0
ivspdRAz.png,1
F0zUAepf.png,2
rsLla3te.png,2
8lPkqOj5.png,1
AXYZnaIB.png,2
oERrfnqy.png,0
hNs5yMcX.png,2
OgfKWE7R.png,0
ZGefWS2H.png,1
gWmXJMR0.png,0
7eVpZ8vk.png,2
ihWOZV3H.png,2
Pl7R3wmd.png,2
fyDvjhKk.png,0
7pz3DQcH.png,2
gSKyRtYP.png,2
MmKEj5ci.png,2
62nJed4c.png,2
shPHRLGp.png,2
lHfhc2MS.png,2
falmq1rX.png,2
JojuKTFD.png,2
fN5ky1hT.png,2
VatNvBX8.png,1
IPvmO32Q.png,1
OEPiF5mX.png,1
HiSu7o0l.png,2
kVZjWzPm.png,1
KOoXUEw1.png,1
B46zJaOv.png,2
yoafnV4Z.png,2
sqFuGPrg.png,2
kxQKaTOC.png,2
RY29KoZU.png,1
MLpojRgw.png,1
6a912tXf.png,1
BTctF8Ua.png,2
Jp4dDl8N.png,2
6dQbzgjx.png,1
TNKIx6iS.png,2
PRCMcZ8E.png,2
0g8Skvu2.png,2
p8oL59kb.png,1
y8LQgBuG.png,2
K2xAtzhy.png,1
Ozs0ehkx.png,2
qHSxjhul.png,1
tEj7n5dV.png,2
lBTtFr2v.png,1
3Ru86WHj.png,2
8JyRDPol.png,0
X93htFx8.png,2
ndVFT4Eo.png,0
Uaj9ABYG.png,2
gUWM0u4f.png,0
3JvlWjuk.png,1
HkasmJyu.png,0
xfbqeagI.png,0
uo2RWbDv.png,0
wRpMJNaD.png,1
yd3GXQlj.png,2
jRVaHFeN.png,2
xmNnR8Ei.png,1
ADQ8tvLI.png,2
1jfoIbJN.png,2
qDevIRlf.png,0
jLcTAyJp.png,0
I5oUyJv8.png,2
d5i26pFK.png,0
Q0skBYlg.png,0
P9giY4n0.png,0
evU7QXGJ.png,0
bIg9TxiQ.png,1
C8vbi542.png,2
VTUm2oEh.png,2
1lqwaseW.png,0
04qwufUH.png,2
E4KZ1bOM.png,2
1qFRnImB.png,2
6OKCvnyi.png,2
ig6PyEwO.png,2
NIoh0vkL.png,2
BDWdP6Xy.png,2
XCdMqS9H.png,2
2riQRLFG.png,2
cPdhxM6j.png,0
xWMRDw1Y.png,1
AFo7Vidg.png,2
7lEh3xyz.png,2
UhVYPNtA.png,1
yZsAINRd.png,2
fp5z42sY.png,0
Wqmk0Cbz.png,2
yGq5slDF.png,0
6fOpskLw.png,1
YNLCnReT.png,2
1JA5iPZF.png,0
LlyX3Hau.png,2
uEKip8Be.png,0
8lS3q19B.png,0
9M2z6hnB.png,2
Xhag4Mpn.png,2
g0SwfNYc.png,1
nZioV5CS.png,0
YQ6ZnSa9.png,0
jyhEuFbi.png,2
YAPeMkb0.png,0
ZYivTRdV.png,2
gkQTAp9J.png,0
WzrX2Mf3.png,2
WwNX2HjQ.png,0
1Jsn0TKr.png,2
45cgovQm.png,1
HTGl5Fq4.png,2
1GbdDxPh.png,2
4tdG0YDO.png,2
LdYy94Tz.png,2
E59FGPyo.png,2
KgdolEUW.png,2
TX41KSmc.png,2
sEf7L6KH.png,2
12B9bWE4.png,2
fhrx3JwZ.png,1
Df6Z8Sso.png,2
Lqc3QtsD.png,1
8N9Ge7j2.png,1
m38OevaY.png,0
QFDy1dSm.png,1
i6TbJ0CU.png,2
3YfkE4A7.png,2
J9Fk8YtV.png,2
RozmuO7M.png,2
Jn7vQj2c.png,0
91YXyaL5.png,1
0ij86vKa.png,2
RaxA2CwW.png,0
Dp7WVdOR.png,2
2hfPNit7.png,0
xgPI2ysB.png,0
8IbASvFw.png,0
uQRL2tak.png,0
1d2Ehtyp.png,0
hCGs40aA.png,2
HEliKJn2.png,0
hIeM9528.png,2
RU20WYGV.png,2
SvR9NyLW.png,0
g8Fqpr5J.png,0
AU92LQTt.png,1
W2SIN0Cw.png,0
gEYGHqD8.png,2
FPX0CcYO.png,1
UJG56ucC.png,2
9voKsd3j.png,0
TLjaEUH5.png,1
oRBV2Ugs.png,2
Y4bnPzOo.png,2
0Pv95Aad.png,0
knOV7C9G.png,2
pTB2CYQe.png,2
