ymaeqgKb.png,2
qzDURraj.png,2
oKlWe9Um.png,2
El9CevsZ.png,0
8hfSgUOk.png,2
fpBR1ram.png,1
f6Xd48Ls.png,2
RozmuO7M.png,2
6F0bRjO1.png,2
Yh48tUQJ.png,2
vWUGyZH1.png,0
TARIEP5Z.png,2
Hr4Efgw6.png,2
sTg5rwmA.png,2
wSX0oaUn.png,2
i8tbBf0q.png,2
b2fYFxKH.png,0
9uiUOgMf.png,2
AE296V83.png,0
UvfJZe3d.png,2
FZSyzQB5.png,0
2BXtJnwL.png,2
4IMYQETX.png,0
pXVH4YJK.png,0
vibTWJ8k.png,0
oERrfnqy.png,0
RzlhVQxp.png,0
IWaYuHoz.png,2
MFpfmYIU.png,1
dfLzxTOa.png,2
rfnN14UO.png,2
yGq5slDF.png,0
frUKW7cg.png,2
shPHRLGp.png,2
yCncQFMN.png,2
rKWjaHUB.png,2
O6TNKUeR.png,0
zJloBN85.png,2
oNkMtYfD.png,2
E59FGPyo.png,2
AiXYzlm3.png,2
w5pJef0k.png,0
6a912tXf.png,1
1lqwaseW.png,0
xous0azJ.png,2
r6zhsMtG.png,1
x3aJkwb0.png,2
Nmb2Oaon.png,2
YCowbEiV.png,0
km3XM0dC.png,0
u0JqpfQb.png,2
gFpiCMEr.png,0
xZzvX2kD.png,1
GfIraxmb.png,2
kraJIVEq.png,0
RKETZGhm.png,1
fyDvjhKk.png,0
4q8SBJxa.png,0
a7HVC2kP.png,1
kHZv582j.png,2
UbYycvqI.png,0
GecKMUsu.png,1
XPziNKRA.png,2
9VRfhmEu.png,2
gqCFHAXo.png,1
cRFOTk4P.png,0
cYAvhfVW.png,0
sDPYGvES.png,1
jLcTAyJp.png,0
068DhJIU.png,1
Wk65Mhwn.png,0
juDyosNW.png,2
lHfhc2MS.png,2
rgyfeLk4.png,2
nZioV5CS.png,0
MLpojRgw.png,1
lZfanUhG.png,1
RPLA7GnH.png,2
gEYGHqD8.png,2
CrkH3fw2.png,2
tpSzglWY.png,2
mhGLOJbI.png,0
MBFn4zbj.png,1
DfVx80Gb.png,0
FUifSs4Q.png,1
i1IFwqz2.png,1
lCUHTp7r.png,2
lfaDQM59.png,2
UCVnW4MP.png,0
Nu8Ch6BY.png,2
Te2IrlKz.png,2
T3RlEZoX.png,2
xgPI2ysB.png,0
p3QLq0fj.png,1
IuO6JW7m.png,0
gZKI2Qta.png,2
TJY6cjMZ.png,2
7KOgzpDv.png,2
JgsFtnqI.png,1
DXyg1mGi.png,1
91YXyaL5.png,1
EvpT6t9d.png,2
qYyh1Rn4.png,2
CKnkJjN4.png,2
IWvR0xYQ.png,2
DdoyknRO.png,1
KI3UhEwk.png,2
0LjkyORl.png,2
RniuXzv7.png,0
0lw2L5mO.png,0
HkbzOgtP.png,1
gGBsCOk8.png,2
h9oru3MX.png,2
Hswjyniu.png,2
KTahBSc0.png,1
Ak21rd08.png,0
2jmAiygv.png,1
hRYZymAs.png,2
sQA4Ofh6.png,2
LQKdnez4.png,0
n2WROht7.png,1
VgZLMb2P.png,1
eijM7wdS.png,1
eh3msrqU.png,0
mtiWPgw8.png,1
MmKEj5ci.png,2
90QGVRnX.png,2
MSlGDNW3.png,0
Ku07cJIk.png,2
0AYnV4h6.png,2
8JLaoPQ2.png,0
FIqL5m6J.png,2
98cwaZjP.png,0
fsa3AoT7.png,2
sHaKFybG.png,0
JEVQ8ar4.png,2
evU7QXGJ.png,0
ce21NWMz.png,0
CIl1jwVi.png,0
iJp3rI54.png,2
rY6wWs01.png,2
Mh9sfpc4.png,0
Gqb4FDYf.png,2
1Jsn0TKr.png,2
8QjogH9K.png,0
QBw9ZkCF.png,1
01jKDwRi.png,1
pSx74TdO.png,2
zGZfsCVu.png,1
P4d19qvO.png,0
rv87c4oT.png,1
SkozMUWV.png,2
5e3uz0iV.png,0
BXq0mab7.png,2
a1h37Jdt.png,0
b1hzfHgm.png,0
FlwO4ufN.png,2
tzcG3vsn.png,0
ymdQXhZr.png,2
Ygbp6ciF.png,1
HhkzGBl1.png,0
vUzCoe7F.png,2
XI5H4VdL.png,0
Va7BjDfK.png,2
02jv7G1P.png,0
Kgvfwk6x.png,0
8YgyxXn2.png,2
UvG4jsc5.png,0
PCbz0TE1.png,2
thPSC7ET.png,2
uO5gAHJC.png,2
VR06DZ3W.png,1
ThPd9b3n.png,0
ZTzQvOFf.png,0
lkhYMH3T.png,0
OnfAjxCU.png,0
6plXMxTh.png,1
3zL1gNRb.png,1
yiPx0SLQ.png,2
7gyH1aGA.png,0
QimahKVY.png,1
1X7Hqach.png,1
nrSFReGM.png,1
RoYzfglq.png,2
cP7t2Oae.png,0
yzZbcjvr.png,0
WXGjRpAq.png,0
dZLkh4og.png,1
atjc7Ayd.png,0
6wER0mYu.png,2
IzL3E12S.png,1
WgDB3Q91.png,2
0659eHoR.png,1
6IBudGjl.png,2
REcwWk35.png,0
0dS6DMeF.png,0
vZV7Ot9L.png,0
1d2Ehtyp.png,0
TNKIx6iS.png,2
ljrexiF1.png,0
YIUQw3gR.png,2
T0QiIwzV.png,1
6wbXUiAT.png,2
9HEXfDth.png,0
O3HCPuhs.png,2
3iOBGoMd.png,0
mQDsLMU5.png,2
xmZ0cs7p.png,1
UgXc2PjH.png,0
wTuc10SP.png,0
eACUOzNL.png,1
0onbJjTW.png,0
5EbBt4Hd.png,1
eRnV0Xgk.png,2
HhDIYlns.png,2
Dmr8EU1u.png,1
TBnUJuAe.png,2
RKsBukTD.png,0
XlsDJT8Y.png,2
YrDWNvh1.png,0
kqMOI5xH.png,0
Y2nSXZyM.png,2
hWur0Yz7.png,2
zW6T5BEs.png,2
9b7oCLhR.png,2
LGRm4Wru.png,0
PDjys19J.png,0
yiTotYbN.png,0
KycqPOMI.png,1
fR7okzyV.png,1
9ey6mIVE.png,0
NV3amjol.png,2
CO6DzcfB.png,2
ctL9p0BJ.png,2
fp5z42sY.png,0
P81LtAQ0.png,2
XgmLGA0i.png,2
qKLgI9ry.png,2
ieWkJbGg.png,2
sbafyCoY.png,0
hJPXpfqc.png,0
1JA5iPZF.png,0
JeXn8ua3.png,1
mBaydeDo.png,1
C4ZdfHem.png,2
C8vbi542.png,2
9Hoas6GY.png,2
tzlLE6sv.png,0
8JO4kDZr.png,2
w9mIsRc2.png,0
Rzl6cuKd.png,0
UVeH3sN9.png,1
ngFR0QWj.png,2
be8FE7t3.png,1
IPvmO32Q.png,1
W2SIN0Cw.png,0
xcyFNm31.png,1
zP4ohpF5.png,1
Xhag4Mpn.png,2
Ti5DsjlL.png,1
RaxA2CwW.png,0
aBQMWHy6.png,2
dcCMgvz9.png,1
dYMs92wn.png,2
qDevIRlf.png,0
4HCFm8zu.png,2
SAlYmMVf.png,2
qKRyzIES.png,0
iMcaFIuG.png,2
Hbzv5cjT.png,0
Pl7R3wmd.png,2
BpWfZY3z.png,0
ychYw48g.png,1
KlrU3tC2.png,0
4SfGDgYb.png,2
bXGgMH5x.png,2
czXfk9WH.png,2
falmq1rX.png,2
fN5ky1hT.png,2
sEf7L6KH.png,2
vFGXLuPc.png,2
Psn7melq.png,1
9sVKyDSf.png,2
14dnUK0c.png,2
DpAsTUQ8.png,2
rlBNISgf.png,2
ZLip7wx5.png,2
9ZgkKYTE.png,0
CzkpKjAR.png,2
Df6Z8Sso.png,2
VIBObNhD.png,0
gOfJhAen.png,2
OQLmUA30.png,0
X63zGH1Y.png,1
SLnIY9w2.png,2
m75FC6qb.png,0
tXAe7Oar.png,2
kmn5fYAh.png,0
RqsuiFpH.png,2
0j58IEQp.png,0
1aC6gQIP.png,0
O8Tek3Nv.png,0
Ji8wOf5E.png,0
JiQdSFLC.png,2
8IbASvFw.png,0
GrREDuMn.png,1
Feu3HfIb.png,0
1KVQUFNa.png,0
UPOHL7Wf.png,0
Wqmk0Cbz.png,2
4zah57RV.png,2
ko2lg65x.png,0
svSlcVxY.png,2
WTDtje4U.png,0
Rr5C4QFP.png,2
cB5tQzTv.png,2
xEWh45cy.png,0
HnrC8KjN.png,2
1C6pSFzB.png,2
Q0skBYlg.png,0
1e78zE9s.png,2
YW5HOsZG.png,0
oGTg50CP.png,1
WJ36YVo8.png,0
K3tedViT.png,0
1lkJQ76t.png,1
FRdwfkvy.png,2
mJY5hDp1.png,2
RcUAS3kH.png,2
5sFqJTK8.png,0
eMtm1qcV.png,2
V0iBcK4d.png,1
B3OFi1A6.png,0
veMjraqU.png,1
ls2EpFxm.png,1
4k6c1I0s.png,2
zXjYRwbs.png,0
8QX6mriq.png,0
knhvYdKV.png,2
DjiAgbEX.png,0
JD1cMFnN.png,0
hsBp5TLE.png,1
NlFwE9fL.png,1
0g8Skvu2.png,2
tMnRZgGQ.png,2
eUzaiO5Q.png,2
E4KZ1bOM.png,2
xlGNuiYC.png,2
8a3p7qsd.png,0
iUMpzoJ2.png,0
GncMT603.png,2
cPdhxM6j.png,0
cJuY0EtR.png,1
1A74Ef3s.png,0
FjX4JmIt.png,2
QIdXyNHJ.png,2
Pyua5HhD.png,1
TX41KSmc.png,2
ihWOZV3H.png,2
YEbSsQ6t.png,2
dLRko46A.png,2
uJCklp01.png,0
jd7Z5q3X.png,2
AFo7Vidg.png,2
hJtj8oUw.png,2
jeIAEMBF.png,1
m38OevaY.png,0
pTB2CYQe.png,2
NEikQb1X.png,0
FO4sv5Ri.png,0
suwM20Yh.png,2
wcf8kmKY.png,0
1YR3lTh7.png,0
wQm31EyB.png,0
IYiosEVx.png,2
JjFHEebI.png,2
oRBV2Ugs.png,2
3bOzRY7r.png,0
oBvJ8Seg.png,0
RZynp0td.png,2
I3XYBO6a.png,0
4ThaNQtB.png,0
H0a1tjNO.png,0
oQvy6w30.png,1
qaX0QV25.png,2
47yQrVip.png,2
65cQfRu2.png,2
NOLigldK.png,2
i805esHc.png,2
TjAqXRle.png,0
rt9xEzIi.png,2
P9ZIHuYB.png,1
bKvFToY3.png,0
ivspdRAz.png,1
gNrl02ok.png,1
WOl6d42B.png,2
epiLsMlJ.png,2
1fmV7kJZ.png,2
xa2esJzH.png,1
tv465TBk.png,2
FmcgxeE8.png,2
84UQhqmB.png,2
oZhA38c5.png,0
IMVYFtGl.png,0
j9DBF1VA.png,2
0JgQuETW.png,0
cJjlHZOP.png,0
vrcgPkmt.png,0
zHnjV3RW.png,0
TCGaY5xy.png,2
zpcwUFhE.png,2
5WvC0HzY.png,1
uEKip8Be.png,0
Ect2jDXp.png,0
EcXLid7B.png,2
Dbt1dTeg.png,2
FqHSALP0.png,0
tZkyDvR2.png,0
W4rsu1bA.png,1
hNRcXIqp.png,0
NnfW2Umr.png,0
91qSbJIH.png,2
usbeoipZ.png,2
YzNZgp7b.png,2
CEUGhXtk.png,1
NIoh0vkL.png,2
sOWPIiU1.png,1
ImuT0Mkg.png,2
BiqMZfQj.png,0
ARBZsYJ2.png,2
4MiC6YyS.png,2
W0oUyXh6.png,2
XpEQz2ok.png,2
c8UPVels.png,2
cqUm27NS.png,0
SFAXDWUV.png,2
DwR5kUjf.png,2
Mk2rN7n4.png,2
3ldAIhQW.png,0
hwSQomDP.png,1
Y9mTB2R0.png,1
3jPDokvZ.png,2
dIawYzyQ.png,2
X4GUfmio.png,2
0ij86vKa.png,2
BmNRUCYi.png,1
Njs0ybCZ.png,0
ORNrxkEb.png,2
K2xAtzhy.png,1
6V3s8DKl.png,2
DrmSGRha.png,0
rwaDAho6.png,1
n9eOr2Vh.png,0
ZYpiwl5N.png,1
YOaByuov.png,1
mWqnKRjJ.png,0
apkMhtdo.png,2
kmfRT17Z.png,2
KYwnVPL7.png,0
PGHgkIAF.png,0
S1NyWuFh.png,0
QfgLAU5x.png,0
RfhbnN63.png,1
sZT8xaGw.png,1
L4iJlYv1.png,0
EVzh0Nif.png,0
JL2TStbx.png,0
UPSGBwt3.png,0
Bmxr1pIe.png,2
Lqc3QtsD.png,1
jJxRydZl.png,1
EDbwJfB4.png,2
hfikXWGL.png,0
TsHvY3ug.png,0
lcRGeo9W.png,1
UJG56ucC.png,2
rK6yCDJ4.png,0
1qFRnImB.png,2
PD0E8fkn.png,0
RY29KoZU.png,1
4vDBT0lw.png,0
9jX4cWoT.png,0
UbCEAVKB.png,0
DcuxJVps.png,2
M8sW5pRZ.png,1
5iCxpsJ4.png,0
uxkZsNlW.png,2
0hFEBOXm.png,1
0JozGHh2.png,0
2hfPNit7.png,0
hnsKADpZ.png,0
WzCBKxjp.png,2
P9giY4n0.png,0
3saYmoHC.png,2
DklCXZFv.png,2
1td8WybV.png,2
8Dsw9gkG.png,2
ZPfFY1yO.png,2
KWgU3Hzp.png,0
sFnYyr0N.png,2
3JvlWjuk.png,1
JcYvlS0X.png,0
QzaHwO2m.png,0
pLECja70.png,0
qtalk5BL.png,1
1Qsk2Hve.png,0
HMD4z75X.png,0
P7vDwA9b.png,1
JoAN32Og.png,1
mCMHKODQ.png,2
k1tMO3en.png,2
ec3VMokB.png,1
wBNP50XS.png,0
V0C2X1Pn.png,2
5AbFELl0.png,1
ue9n784y.png,2
zMTYGUWk.png,0
jkm6Swxr.png,2
i8514F7E.png,0
ucOz057U.png,1
lhIiNKS8.png,0
EpP1TMa0.png,1
mNMat6vZ.png,1
0vlZDSPL.png,2
3f1CDRNk.png,0
6reTsEQH.png,0
2mNnOdgw.png,0
BshmPQX6.png,0
HiSu7o0l.png,2
JKLba13M.png,2
4DlZJ0XA.png,2
6BkshCMI.png,2
eYO7CdiN.png,0
EzIUcuj2.png,0
ujlDTqgY.png,0
YduaMJj0.png,0
5wsmGFSg.png,2
mrVO06tk.png,2
La712iyO.png,0
LAEKtfdh.png,0
fgh3VTb9.png,0
ndVFT4Eo.png,0
7H2YkAwn.png,1
j4o1vUmg.png,1
KThx1AsL.png,2
E73wcxV2.png,1
L6Msgi0G.png,2
3sbjS1aM.png,1
xdMCrw18.png,2
NT0Obz2f.png,2
TAWiKoMJ.png,2
FlghWrut.png,0
RYuthHvi.png,1
KpZVEkFG.png,2
gWmXJMR0.png,0
JGVSHKkU.png,2
UFLt8Y0y.png,2
HES8hGmy.png,2
Dp7WVdOR.png,2
rxTmIgnC.png,2
lhRZbjY6.png,2
r7ZmOj6C.png,1
KxsjOokQ.png,2
i0lup4YM.png,1
9xLRyv7u.png,0
GM4rZi7U.png,2
9ioWrY3A.png,1
34FKa1Gf.png,0
vn8KIYgl.png,2
NP5zpkMK.png,0
KPHAcbeS.png,2
mROaLhFy.png,2
xiGCdNtJ.png,2
8JyRDPol.png,0
AHUb0C3B.png,2
6ivDaNzf.png,2
hnVDrL6N.png,2
1M4xswXu.png,2
GPm7O1UY.png,0
q2epbHoC.png,2
7GgYSXyB.png,2
pD2EzkZM.png,1
wF18VRlm.png,1
qlF2pUZT.png,2
vKIxEM2u.png,1
aqfhKwNp.png,0
xYlBr5s6.png,0
kLfq4MBZ.png,2
Ts2YctNm.png,2
9pgF4hjT.png,2
PWhQANIn.png,2
mnqRhkbN.png,0
8NZ4Bquh.png,2
VriPXFoZ.png,1
f3tU12q8.png,1
KysnMI0c.png,0
gQbj2uhm.png,1
7ETIZxqm.png,2
7w5C2sKG.png,0
Xp7cw9dW.png,0
SdZD25H7.png,0
KPFmUylE.png,2
pQ6I03Un.png,2
wmuCOinh.png,2
Qsz7kH4o.png,2
xKrGYEUv.png,0
6dQbzgjx.png,1
abLe1qUk.png,0
nUC7D9hd.png,0
0u1TA6VR.png,2
8lPkqOj5.png,1
ATD1ZFXH.png,2
7pz3DQcH.png,2
0Pv95Aad.png,0
VTUm2oEh.png,2
qwl8sFAS.png,2
RHCBIybs.png,2
AQzO35Yu.png,2
J92uwUZn.png,2
y8LQgBuG.png,2
qhMCwvsa.png,0
SkBZ7Qyn.png,2
ScPFLYya.png,1
B7ONTeHx.png,2
cwPpODfM.png,1
mAykShW8.png,0
z4lAiRj2.png,2
C942ycEu.png,2
YeE7D1JT.png,2
6wW3K4Bd.png,1
gJnZQokS.png,0
YDWTxVgO.png,2
gkwsHriI.png,0
3ZRzQ84A.png,0
vGsp3n4V.png,1
f93Aapmi.png,1
C6oHP3kK.png,1
3UxVKr1O.png,1
rMciUvIh.png,2
nGOBwfPm.png,2
KAUdQ9Zc.png,2
wEjZWlnm.png,2
ls9HanhE.png,1
wFX8HVCB.png,0
RrEetkmI.png,2
AXYZnaIB.png,2
HRqZFL0M.png,1
O2PvjJED.png,2
QPJrWpH9.png,2
tILB5OKo.png,2
WD4F6SKM.png,2
jRVaHFeN.png,2
zADRqEvV.png,2
eHEGSO9s.png,2
Gp6fr0vu.png,1
PieJz2jx.png,0
qIOg4xGU.png,2
YE6wahi0.png,1
65uSlXNb.png,2
pX0RDmBx.png,2
BTctF8Ua.png,2
mgjsflGT.png,0
4JuyGUbq.png,0
7sZXBvr2.png,0
DCvH4Xxi.png,1
c8KVy4AN.png,0
YzjyvwKA.png,2
aPgdEwO8.png,0
QVtE1OaB.png,0
JevYCTWV.png,2
WMi5uhIL.png,0
S2nmvi0V.png,1
No064S5K.png,2
OopjbugJ.png,2
mGpsPhQL.png,2
d5i26pFK.png,0
ILAdhYKU.png,2
r4qib0jl.png,1
qfKoWVvZ.png,2
jBzkxuw6.png,1
jIWYotH9.png,2
Z0IfMEWe.png,0
DoibcGlB.png,1
7i1P3cko.png,1
FbgWdiJh.png,2
kbdRzHVX.png,2
B6n3CYi9.png,2
MD48wg1e.png,1
UhVYPNtA.png,1
E8Q9UKV5.png,2
TP8jIyfh.png,1
Y0gNzTRr.png,2
sfJePOCv.png,0
fBlPZjta.png,2
xliO91KI.png,2
yUh7Xnm6.png,2
dImC7tBN.png,2
r2I1qgtu.png,2
fdjFaxE7.png,2
qthMGTc6.png,0
8SL7FGW2.png,2
KuJxT8Rl.png,2
8QoTRtuY.png,2
Ayim84oQ.png,0
zXw57Oux.png,0
thZIWNn6.png,0
4TRu8GQo.png,0
ZHh9bmJx.png,2
iV8jQaK0.png,2
jeyIio4d.png,1
6zhGAyja.png,2
KXmrkGNW.png,2
1fa3wZcl.png,2
TeP86YHb.png,2
UhaV3bsn.png,1
VwaGOD0t.png,1
VJpTI1oF.png,0
U04631R2.png,0
PqczK6DS.png,2
kzGcm7P3.png,1
HpWyTfB2.png,0
XeRwjtly.png,1
Cu8oJEdt.png,2
hSk6KHRr.png,2
xPKLUvCV.png,2
cEhA7egx.png,0
k3DuEHfL.png,0
BryRdQVW.png,0
GZwx6kA8.png,0
wJlRcXnk.png,0
oRbN5jkc.png,2
WzrX2Mf3.png,2
eK1OJlqU.png,1
H5drhLKA.png,2
z5i3aBt2.png,1
ShbeIPE4.png,1
8Rg5anb6.png,0
9t71gmCw.png,0
QUYeiZPt.png,2
8xiEntH5.png,0
pTL1kxgC.png,1
sMeTg3YU.png,0
qHSxjhul.png,1
5oZxLXhm.png,1
ynxoMt9d.png,1
EDWbKjU4.png,1
jr2kV5hN.png,2
IpAYJizG.png,2
uUk8eyVW.png,2
RJxg0XPt.png,2
50fYt7vX.png,0
hYIjD3pA.png,2
sBUqtcoh.png,1
csxlApJ3.png,2
vgCZrDIW.png,0
evEi5PNd.png,0
WYTHhUty.png,0
WJqNvrTF.png,0
PRCMcZ8E.png,2
XrTS7GIE.png,0
UCywMQxf.png,1
7Mz6dNux.png,1
jYVkO6yA.png,1
OgfKWE7R.png,0
NCJ6oR4p.png,2
nKiRaTMu.png,2
xKOToDvl.png,2
V6Na3lxY.png,2
WEcXV2uR.png,1
TapibnkP.png,0
gkQTAp9J.png,0
3k0JcMZQ.png,1
GcHzNpuY.png,0
RxI8EQmF.png,1
PcwWUtnX.png,0
YQ6ZnSa9.png,0
hxtyMJpk.png,2
nN2SKhx5.png,0
XCej1BkE.png,2
pwOH4Eto.png,0
MdxFNYkw.png,2
TLjaEUH5.png,1
LQjdkzGi.png,2
h7gM21nO.png,2
LsWBzbiH.png,1
DRKCufNF.png,2
xQg3YnGw.png,1
JojuKTFD.png,2
8kOiECJG.png,1
iD56wIEk.png,2
I1tL9SWO.png,2
3YmxZjnX.png,1
zvLsCnA0.png,0
xSUbBsy8.png,0
xecdWyos.png,2
n6AYhp97.png,1
9H4T8oCa.png,0
JpirwHX1.png,2
2riQRLFG.png,2
a9LQbl51.png,0
XUmTDBwd.png,0
4neaTc6x.png,2
UpKht3lB.png,0
0qHaD517.png,2
DiyfwFsK.png,0
GJQcXyRY.png,2
Qu3pxwGi.png,2
FbRSrcxh.png,2
xc83PNQK.png,0
2vt0nKHj.png,0
RPK8eiC1.png,2
s8wLVpUS.png,0
YUPJAg2R.png,1
9Fc8ZDYS.png,0
QFfZ7qKH.png,2
s3GFquBw.png,2
KJ5RgLts.png,1
QV0pDyvL.png,0
i8rEwSLT.png,2
W3hK04dF.png,1
Z1Xz4rWJ.png,0
LqU6Rm7N.png,0
o6TYynDS.png,0
MrAxvgDj.png,2
TFobDKu7.png,2
d6HcZKnE.png,2
QnaeUSqg.png,2
xfiR7UnY.png,1
fDuY4WBQ.png,1
nMKFc7VZ.png,0
YP9m5ilw.png,1
PWHibsov.png,1
0Q2nMioz.png,1
9bOdjMY5.png,0
YNLCnReT.png,2
8N9Ge7j2.png,1
vPdLTfKw.png,2
bxt5MuON.png,2
Q9N8Vy1z.png,2
LQeuYdKJ.png,2
o5iOCt6d.png,0
8fx39NsF.png,0
POGJtYhd.png,2
YnOgHhJN.png,1
hz7r5YdP.png,1
xLEOoM6i.png,2
Ap3EymFv.png,2
8o4DTxaJ.png,1
OtgHG5bQ.png,2
HmMBFIuG.png,2
HSdC8VRD.png,0
f4HSRIwT.png,2
hIeM9528.png,2
ZYivTRdV.png,2
0pE84YZl.png,0
BQYE8yvp.png,2
RfDjwINK.png,0
NXYgH2Z4.png,2
pWVoURSf.png,1
fjrXsF3n.png,0
H1P7KcxA.png,0
yTicgtQ6.png,0
uo2RWbDv.png,0
cgivhOGK.png,0
uAT0JZbH.png,2
4klgab7m.png,1
xo9minjN.png,1
CgocxyYB.png,2
NlViypK5.png,2
A4zyxdST.png,1
sk8oj4wi.png,0
Pothp9Tj.png,2
a7dXuL9c.png,2
aeZ7Vzrf.png,0
pdNzQE8R.png,2
m9IeZuXN.png,1
KX4zxL3T.png,2
0jXp7GA2.png,0
oIc7adlL.png,2
2I84wPbQ.png,2
ylCwx1rQ.png,1
8hvGIMgF.png,1
hye5v2TY.png,0
ULyWoTO3.png,2
Xgn7xQCq.png,2
jrt0F8NT.png,1
C7GBjnIS.png,2
xM3fEWOQ.png,2
7YzlTXPG.png,2
57H2I4ra.png,2
s3kZ21Kf.png,1
AdPW3GI4.png,1
suMB5boL.png,2
fcNbYiUJ.png,2
uci2SKVD.png,0
sqDwr1jc.png,1
CHFY2pWZ.png,2
7Z6frTIQ.png,0
b7Pjk51J.png,2
mVenvyQC.png,1
Fd3sCrIz.png,0
XOIordz4.png,1
1x8hL45r.png,2
VZDaIzjF.png,0
udaPv87x.png,1
B46zJaOv.png,2
2X3Bl1ZQ.png,0
E1knu36F.png,1
fwyOYckX.png,2
ST7egzIY.png,0
g5Fp0IGr.png,0
xd81A9YD.png,1
s3or2R84.png,0
oTHq3vyn.png,2
j7gR4Q9m.png,1
kG4Hjr3E.png,1
I7flczhC.png,0
NWJzpdaV.png,0
8I6cNiF7.png,0
OAW5QI1D.png,2
R7DGFXS4.png,2
CUO6fLBc.png,2
GDRpTz6E.png,1
46wbUMEs.png,1
JSBpiNvu.png,0
ATSjXVDZ.png,0
W2JKimtX.png,1
5NUlMG8E.png,0
iQYc3MEy.png,2
1HrX6mBq.png,2
RCIiMxgr.png,2
emSqjvBn.png,1
fhrx3JwZ.png,1
AqvU8Jhp.png,2
rRLdcDHk.png,1
3TlRIycs.png,2
UCOfd5yz.png,2
qad0xBkA.png,2
RdXrHc71.png,2
PZ57M4mf.png,0
lg5v4c0A.png,2
jcUqmIla.png,1
0qQwIX2v.png,2
rsLla3te.png,2
ZCWGN0q2.png,2
MKAm8k7c.png,1
zMHPGAts.png,0
aRlOTw7q.png,2
rXwADPuH.png,0
qRlZ8OFB.png,0
knOV7C9G.png,2
B3NqExsX.png,0
klDHWIPz.png,2
OPKxN1Vw.png,2
sC4GFu9d.png,2
nVulQxRB.png,1
yIdn5jB4.png,1
ta5JKjBR.png,2
SOaUDPNV.png,2
2iYoACHu.png,1
gUjX3RBw.png,0
7MbsCE4L.png,1
aUhLe0d9.png,0
TDJz1Pel.png,2
K3aw1XcD.png,0
BMy1dOqX.png,0
6CI025tS.png,2
UNVrs6cE.png,1
gBl8PqtR.png,0
d6q8pDwn.png,2
903jRkDV.png,2
2jKlH69x.png,1
XOP0jN7H.png,0
UR5lTZJM.png,1
qI91yGHD.png,2
skbNclYS.png,2
z9AWgsof.png,1
JY3H9C2T.png,0
qQ1TxzY0.png,2
5qc4U0CY.png,1
sqFuGPrg.png,2
Vx2ojG61.png,2
ki59xIlD.png,2
WJxem0Gd.png,0
HI4RC6Q0.png,2
VFbuwI7i.png,0
cGvfhmwJ.png,0
uQRL2tak.png,0
e1NW9FwM.png,2
d7w5NH4L.png,2
DIZ1NWqi.png,0
Hp861VoP.png,2
teG1gMvo.png,2
JyIndHos.png,2
1jlZqKDY.png,1
4IBd8XDG.png,0
T4HWcGwB.png,0
B1dALYa2.png,0
ZPfHYTqU.png,1
xbSCNUk0.png,2
pa4c7Y3f.png,0
sGR8KJDr.png,2
nw5W4ONF.png,2
ElYnsLTI.png,0
RndPKBVD.png,2
4guqcrI3.png,0
6o1SQngK.png,0
ZlUsx87W.png,1
crXL8T9j.png,2
apAvYs0i.png,2
XODI9xzl.png,0
CfPTRl6j.png,0
qu4vKT3X.png,0
d9DxcEjS.png,0
F0zUAepf.png,2
fFxKkH7W.png,1
uai2BjmN.png,1
N0brQ9UZ.png,2
2ix4XNkl.png,2
xmNnR8Ei.png,1
Kxyl0VYZ.png,2
1yBcPQpL.png,0
knPNmYCD.png,2
uldnBsCK.png,2
ltzX6rUO.png,0
ZkqUVYF0.png,1
6U4qWX2B.png,2
DiUAlVyt.png,2
41zHABdG.png,0
5oPqTpa9.png,0
Xn4ILNbg.png,2
ZdmWbsjP.png,0
dRJwoFgI.png,2
qF0uwSWH.png,1
5P1Vl2jI.png,1
VvAxzl4N.png,2
14g3r9hP.png,0
KvY0q4yW.png,0
6SVZw4fd.png,2
K3OqhUR2.png,0
yd3GXQlj.png,2
kbMNEID7.png,2
Q8EpSgKY.png,2
I3ZlrCLU.png,1
ziXRqfak.png,0
pk58GxKf.png,0
I5oUyJv8.png,2
CWLwXeS0.png,1
Aqkx2dyX.png,0
WFhRT3Dw.png,0
zE0u5wOv.png,2
xFJBan1H.png,0
0PXSfk5b.png,1
vLdoABhQ.png,1
HkasmJyu.png,0
SswYWkzJ.png,2
DOJ658Vq.png,0
dcfrbyP1.png,2
gSKyRtYP.png,2
YMWPBhDZ.png,2
5TEcu4l8.png,2
u60lmWIr.png,2
WJwtpNF0.png,1
YA52zvfC.png,2
1Lq2U3iZ.png,2
0u6MY4NC.png,1
aoy4MhTD.png,0
Q9tsxnXR.png,1
Y3thuzZ5.png,0
P6uR1LdS.png,1
kzlt4AbW.png,2
hHIn7TQO.png,2
dwKxy2JE.png,2
SIuP9Uso.png,0
LTpzUVG8.png,0
kv6utZ9D.png,2
7ISj1AcO.png,2
xVkj6i07.png,1
4XcwlF60.png,0
MZWDhwHU.png,2
uaWQoNFb.png,2
HEliKJn2.png,0
DriTK8PS.png,1
XQftYHlW.png,2
mhNUkO85.png,1
yct0m3XR.png,1
6ETVequR.png,0
tmvXC12k.png,2
3t6WzqbR.png,0
lBTtFr2v.png,1
irPIkDfW.png,2
Kv3mQWuO.png,1
9OUHrlge.png,1
0QLW5eNS.png,0
1i5F0oPh.png,1
zYpUqV0R.png,1
l7uA9LUy.png,2
9voKsd3j.png,0
HotFu3zw.png,2
Ti9ebzrU.png,0
0ucY4bA9.png,0
qe4pEwaS.png,0
ekjsoab6.png,0
VBCicGJm.png,2
QlGOuSkY.png,2
LdYy94Tz.png,2
TZrqjeOE.png,2
r0voA9RB.png,1
zKvJsypN.png,0
wUIjTGC7.png,2
PVRrYTLq.png,2
blGC6W3R.png,0
fMdP6TIS.png,0
uxqJo50K.png,0
V4dF3tyE.png,2
ghevcFwa.png,2
xZksw92b.png,0
Gpxv4Uzd.png,2
etb9h3A8.png,0
D7aOMytP.png,0
zlHiTmJL.png,0
4oA8m9fI.png,1
Y35J90jO.png,1
BlH2DOhg.png,2
KLhNnXwT.png,0
GHVpwT2v.png,1
paSQ6I79.png,2
4CpkKJT8.png,2
2oQvGMpn.png,0
K7gnDvNL.png,1
F56RuZIS.png,2
reFiJKWD.png,2
bioV2Zaz.png,0
lRiKkhCF.png,2
OEPiF5mX.png,1
70dwiDyO.png,0
DY59iX7R.png,0
RiSDG2z1.png,0
J9Fk8YtV.png,2
ND7236Yq.png,0
oWkh96Ct.png,2
62nJed4c.png,2
y2I3OepG.png,0
KTONGqj8.png,2
NLVdqI0G.png,2
OTxsX18i.png,0
f6JAI1HN.png,0
GAyplCoE.png,2
NS8wPYXJ.png,0
PsXQ9pHV.png,2
xWMRDw1Y.png,1
8zc6emCg.png,0
vGxWMZaz.png,1
AQeMi9Oh.png,2
DFcklCPS.png,2
IXpdjZRS.png,1
6iLDyd3V.png,2
D964iBfJ.png,2
DEnfR4kI.png,0
Mud2jmVC.png,0
9krG2uPt.png,0
M7Va8QHD.png,2
xIGyVCmg.png,2
109ntCpi.png,0
NE4jCBen.png,2
TgfAR4Vh.png,2
MzNOXT4x.png,1
Zqs7dyQS.png,2
ZgQNldA8.png,2
RSVCnqQm.png,0
KqOrYDS3.png,0
JwApNcXM.png,1
FPX0CcYO.png,1
sW29c4ob.png,2
yASd842x.png,1
V9cKqZJN.png,0
9M2z6hnB.png,2
Z8dcw0Mp.png,2
gMTbwtOI.png,0
79yxBjUf.png,2
YgJQpdNE.png,0
cEZAPIDw.png,2
o2IYZLgi.png,0
WMH1vlqQ.png,2
To4y3l7R.png,0
JiltRxLs.png,0
jUeF4WBX.png,1
1EyIXmSF.png,0
9evf8WAD.png,0
XMQvpeCU.png,2
IHUWJxKo.png,0
L6wyH4Ae.png,0
hNs5yMcX.png,2
6p0SkigV.png,2
uro7H1OR.png,2
THQBfIdN.png,2
UEGZWOd2.png,0
Ah7zWkVe.png,2
rjcvXFJ0.png,0
WosmjyDp.png,2
mAPrdxnL.png,1
4qtP87VR.png,2
PQ6VhaMR.png,1
wjozybs0.png,1
9Jy8isS5.png,1
dn8egJ9i.png,1
ZeD2iYgc.png,0
43Ada6XI.png,2
zL4YkwJF.png,1
8s1AMFO5.png,0
0V6xD1gh.png,0
OBv0sUWg.png,1
G8bwneMp.png,0
TMhg6W5v.png,1
OAxNEeDd.png,0
nxeaGw8y.png,2
4oFpednu.png,1
eMzVJpO1.png,0
hCGs40aA.png,2
frSuNKHV.png,2
gwxeND0L.png,2
bY9tiPsm.png,0
qf7VIz3h.png,1
rcNPTRs7.png,0
Tyb0Q4Ho.png,0
OEKtDMkR.png,2
D8pNmqvI.png,2
4qcz3NoM.png,2
yoafnV4Z.png,2
TfxDhWcv.png,0
yYwomLN1.png,2
zSl4VBsD.png,0
U1VqLkf8.png,0
T52XmpsG.png,0
Ozs0ehkx.png,2
q7EoMN3c.png,2
TELhsOKi.png,2
bIg9TxiQ.png,1
12HGAY59.png,1
